{
  "id": "",
  "name": "",
  "font_family": "iconfont",
  "css_prefix_text": "icon-",
  "description": "",
  "glyphs": [
    {
      "icon_id": "429212",
      "name": "搜索",
      "font_class": "search",
      "unicode": "e60e",
      "unicode_decimal": 58894
    },
    {
      "icon_id": "430539",
      "name": "左箭头",
      "font_class": "arrow-left",
      "unicode": "e645",
      "unicode_decimal": 58949
    },
    {
      "icon_id": "584251",
      "name": "右箭头",
      "font_class": "iconfontjiantou5",
      "unicode": "e635",
      "unicode_decimal": 58933
    },
    {
      "icon_id": "3399309",
      "name": "购物车",
      "font_class": "gwc",
      "unicode": "e674",
      "unicode_decimal": 58996
    },
    {
      "icon_id": "4437602",
      "name": "退出",
      "font_class": "tuichu",
      "unicode": "e614",
      "unicode_decimal": 58900
    },
    {
      "icon_id": "8436312",
      "name": "箭头",
      "font_class": "jiantou",
      "unicode": "e69b",
      "unicode_decimal": 59035
    },
    {
      "icon_id": "16516767",
      "name": "跳转",
      "font_class": "tiaozhuan",
      "unicode": "e6b7",
      "unicode_decimal": 59063
    }
  ]
}
